{
    "version": "2.0",
    "logging": {
        "applicationInsights": {
            "samplingSettings": {
                "isEnabled": true,
                "excludedTypes": "Request"
            },
            "enableLiveMetricsFilters": true
        },
        "logLevel": {
            "default": "Information",
            "Host.Results": "Information",
            "Function": "Information",
            "Host.Aggregator": "Information"
        }
    },
    "extensions": {
        "serviceBus": {
            "prefetchCount": 100,
            "messageHandlerOptions": {
                "autoComplete": true,
                "maxConcurrentCalls": 32,
                "maxAutoRenewDuration": "00:05:00"
            },
            "sessionHandlerOptions": {
                "autoComplete": false,
                "messageWaitTimeout": "00:00:30",
                "maxAutoRenewDuration": "00:55:00",
                "maxConcurrentSessions": 16
            }
        }
    }
}